{
  "project_info": {
    "project_number": "685353953146",
    "firebase_url": "https://helpbridge-bd.firebaseio.com",
    "project_id": "helpbridge-bd",
    "storage_bucket": "helpbridge-bd.appspot.com"
  },
  "client": [
    {
      "client_info": {
        "mobilesdk_app_id": "1:685353953146:android:82a1fcf8f42789ed",
        "android_client_info": {
          "package_name": "com.fuadkhan.helpbridgedhaka"
        }
      },
      "oauth_client": [
        {
          "client_id": "685353953146-gfiv1mh9ukhrtdqlnseu9lmnavq49qqr.apps.googleusercontent.com",
          "client_type": 1,
          "android_info": {
            "package_name": "com.fuadkhan.helpbridgedhaka",
            "certificate_hash": "9189ee7bf127407b6618170d7da6fdcea3c392f3"
          }
        },
        {
          "client_id": "685353953146-et3def7q4aqcvaer9h32v9dbr6r6n4gu.apps.googleusercontent.com",
          "client_type": 3
        }
      ],
      "api_key": [
        {
          "current_key": "AIzaSyCB0hgxuLIA_lGVQHXaFFYJnYNA_SEvW40"
        }
      ],
      "services": {
        "analytics_service": {
          "status": 1
        },
        "appinvite_service": {
          "status": 2,
          "other_platform_oauth_client": [
            {
              "client_id": "685353953146-et3def7q4aqcvaer9h32v9dbr6r6n4gu.apps.googleusercontent.com",
              "client_type": 3
            }
          ]
        },
        "ads_service": {
          "status": 2
        }
      }
    }
  ],
  "configuration_version": "1"
}